spid-test-pubblico;{"alias": "spid-test-pubblico","displayName": "Test","providerId": "spid","enabled": true,"updateProfileFirstLoginMode": "on","trustEmail": false,"storeToken": false,"addReadTokenRoleOnCreate": false,"authenticateByDefault": false,"linkOnly": false,"firstBrokerLoginFlowAlias": "SPID first broker login","config": {    "validateSignature": "true", "signingCertificate": "MIIEGDCCAwCgAwIBAgIJAOrYj9oLEJCwMA0GCSqGSIb3DQEBCwUAMGUxCzAJBgNVBAYTAklUMQ4wDAYDVQQIEwVJdGFseTENMAsGA1UEBxMEUm9tZTENMAsGA1UEChMEQWdJRDESMBAGA1UECxMJQWdJRCBURVNUMRQwEgYDVQQDEwthZ2lkLmdvdi5pdDAeFw0xOTA0MTExMDAyMDhaFw0yNTAzMDgxMDAyMDhaMGUxCzAJBgNVBAYTAklUMQ4wDAYDVQQIEwVJdGFseTENMAsGA1UEBxMEUm9tZTENMAsGA1UEChMEQWdJRDESMBAGA1UECxMJQWdJRCBURVNUMRQwEgYDVQQDEwthZ2lkLmdvdi5pdDCCASIwDQYJKoZIhvcNAQEBBQADggEPADCCAQoCggEBAK8kJVo+ugRrbbv9xhXCuVrqi4B7/MQzQc62ocwlFFujJNd4m1mXkUHFbgvwhRkQqo2DAmFeHiwCkJT3K1eeXIFhNFFroEzGPzONyekLpjNvmYIs1CFvirGOj0bkEiGaKEs+/umzGjxIhy5JQlqXE96y1+Izp2QhJimDK0/KNij8I1bzxseP0Ygc4SFveKS+7QO+PrLzWklEWGMs4DM5Zc3VRK7g4LWPWZhKdImC1rnS+/lEmHSvHisdVp/DJtbSrZwSYTRvTTz5IZDSq4kAzrDfpj16h7b3t3nFGc8UoY2Ro4tRZ3ahJ2r3b79yK6C5phY7CAANuW3gDdhVjiBNYs0CAwEAAaOByjCBxzAdBgNVHQ4EFgQU3/7kV2tbdFtphbSA4LH7+w8SkcwwgZcGA1UdIwSBjzCBjIAU3/7kV2tbdFtphbSA4LH7+w8SkcyhaaRnMGUxCzAJBgNVBAYTAklUMQ4wDAYDVQQIEwVJdGFseTENMAsGA1UEBxMEUm9tZTENMAsGA1UEChMEQWdJRDESMBAGA1UECxMJQWdJRCBURVNUMRQwEgYDVQQDEwthZ2lkLmdvdi5pdIIJAOrYj9oLEJCwMAwGA1UdEwQFMAMBAf8wDQYJKoZIhvcNAQELBQADggEBAJNFqXg/V3aimJKUmUaqmQEEoSc3qvXFITvT5f5bKw9yk/NVhR6wndL+z/24h1OdRqs76blgH8k116qWNkkDtt0AlSjQOx5qvFYh1UviOjNdRI4WkYONSw+vuavcx+fB6O5JDHNmMhMySKTnmRqTkyhjrch7zaFIWUSV7hsBuxpqmrWDoLWdXbV3eFH3mINA5AoIY/m0bZtzZ7YNgiFWzxQgekpxd0vcTseMnCcXnsAlctdir0FoCZztxMuZjlBjwLTtM6Ry3/48LMM8Z+lw7NMciKLLTGQyU8XmKKSSOh0dGh5Lrlt5GxIIJkH81C0YimWebz8464QPL3RbLnTKg+c=", "postBindingLogout": "true", "singleLogoutServiceUrl": "https://demo.spid.gov.it/samlsso", "postBindingResponse": "true", "nameIDPolicyFormat": "urn:oasis:names:tc:SAML:2.0:nameid-format:transient", "principalAttribute": "fiscalNumber", "entityId": "https://forumpa.apps.psdemo.eng-entando.com/auth/realms/entando", "xmlSigKeyInfoKeyNameTransformer": "KEY_ID", "signatureAlgorithm": "RSA_SHA256", "idpEntityId": "https://demo.spid.gov.it", "useJwksUrl": "true", "loginHint": "false", "allowCreate": "true", "syncMode": "IMPORT", "authnContextComparisonType": "exact", "postBindingAuthnRequest": "true", "singleSignOnServiceUrl": "https://demo.spid.gov.it/samlsso", "wantAuthnRequestsSigned": "true", "addExtensionsElementWithKeyInfo": "false", "principalType": "ATTRIBUTE"}    }
spid-poste-italiane;{ "alias": "spid-poste-italiane", "displayName": "Poste Italiane", "providerId": "spid", "enabled": true, "updateProfileFirstLoginMode": "on", "trustEmail": false, "storeToken": false, "addReadTokenRoleOnCreate": false, "authenticateByDefault": false, "linkOnly": false, "firstBrokerLoginFlowAlias": "SPID first broker login", "config": {  "validateSignature": "true",  "signingCertificate": "MIIFgzCCA2ugAwIBAgIIJSppAZKg/XQwDQYJKoZIhvcNAQELBQAwZTELMAkGA1UEBhMCSVQxHjAc\nBgNVBAoMFVBvc3RlIEl0YWxpYW5lIFMucC5BLjEaMBgGA1UEYQwRVkFUSVQtMDExMTQ2MDEwMDYx\nGjAYBgNVBAMMEVBvc3RlIEl0YWxpYW5lIENBMB4XDTIxMDIxODExNDYzMVoXDTI0MDIxOTExNDYz\nMVowQzELMAkGA1UEBhMCSVQxHjAcBgNVBAoMFVBvc3RlIEl0YWxpYW5lIFMucC5BLjEUMBIGA1UE\nAwwLaWRwLXBvc3RlaWQwggEiMA0GCSqGSIb3DQEBAQUAA4IBDwAwggEKAoIBAQDZFEtJoEHFAjpC\naZcj5DVWrRDyaLZyu31XApslbo87CyWz61OJMtw6QQU0MdCtrYbtSJ6vJwx7/6EUjsZ3u4x3EPLd\nlkyiGOqukPwATv4c7TVOUVs5onIqTphM9b+AHRg4ehiMGesm/9d7RIaLuN79iPUvdLn6WP3idAfE\nw+rhJ/wYEQ0h1Xm5osNUgtWcBGavZIjLssWNrDDfJYxXH3QZ0kI6feEvLCJwgjXLGkBuhFehNhM4\nfhbX9iUCWwwkJ3JsP2++Rc/iTA0LZhiUsXNNq7gBcLAJ9UX2V1dWjTzBHevfHspzt4e0VgIIwbDR\nqsRtF8VUPSDYYbLoqwbLt18XAgMBAAGjggFXMIIBUzA/BggrBgEFBQcBAQQzMDEwLwYIKwYBBQUH\nMAGGI2h0dHA6Ly9wb3N0ZWNlcnQucG9zdGUuaXQvcGktb2NzcENBMB0GA1UdDgQWBBRL64pGUJHw\nY7ok6cRMUgXvMBoLMjAfBgNVHSMEGDAWgBRs0025F7hHd0d+ULyAaELPZ7w/eTA+BgNVHSAENzA1\nMDMGCCtMMAEFAQEEMCcwJQYIKwYBBQUHAgEWGWh0dHA6Ly9wb3N0ZWNlcnQucG9zdGUuaXQwOAYD\nVR0fBDEwLzAtoCugKYYnaHR0cDovL3Bvc3RlY2VydC5wb3N0ZS5pdC9waS1DQS9jcmwuY3JsMA4G\nA1UdDwEB/wQEAwIFoDAdBgNVHSUEFjAUBggrBgEFBQcDAgYIKwYBBQUHAwQwJwYDVR0RBCAwHoEc\naWRwLXBvc3RlaWRAcG9zdGVpdGFsaWFuZS5pdDANBgkqhkiG9w0BAQsFAAOCAgEAp0EhITlTx+cO\naoXw//nBl6Q4y82MfSGfPJIw3ROV1z3tHBctaksi/RxAzyMD5beO2s8Q6lXx0sLMCcuUQmzHj3eJ\nbqn+6sIUr000dSlX/iPgVUc2dvPIZZg9xu38J8NvCfrtgAGY5iMVFMd3CZLFw0ybr+Bx/1K/NhQO\n7jxn0RSGA1J4mM2syVhEDUODs9kz3T4kXYUofwwvPL1a9xB9RBqbp7plYtbBBdftEORUQrWzH1mz\nNO4nlFkX9qgVrgFIIJJT2KadHoop1r65O9ffncK14qpNo3eTsNDq3hRlteb7ylmlJ8CoakUWZeXD\nDP9ZboWxZkyp+9903OrToRvOgeWSc+YrqcRZOv7r6tTALTk4U9OTKDG9/eNWSGQqD7Qd/9rssfF0\nuJEGHnbsk/Hvdxn8apgWN1Zwt6tsT7f/DO0Pdlaso9g7PVy8R+B3VkWAh76uCcICIPFBluC/ljaH\nV8hI+VsCLpMClo83YMCEM6E6nAPD22+fDR/DF9P73P04yUvJVHx4cnHPrpxVrPbaJoKrr9mUOLFy\nVRekX78ZRgiFiKYDNsiq9+148oRy+VehpmBoQ+T2EPeDFQ8JJ4xT8H7qdyr1swSk/9Lu4K0kw/yC\nTSb9K/wCuiHiuoSB54rzJoQxz90gS868r/+JGahYwHY5dUh1RbA4g5N8H3TDThc=",  "postBindingLogout": "true",  "singleLogoutServiceUrl": "https://posteid.poste.it/jod-fs/sloservicepost",  "postBindingResponse": "true",  "nameIDPolicyFormat": "urn:oasis:names:tc:SAML:2.0:nameid-format:transient",  "principalAttribute": "fiscalNumber",  "entityId": "https://forumpa.apps.psdemo.eng-entando.com/auth/realms/entando",  "xmlSigKeyInfoKeyNameTransformer": "NONE",  "signatureAlgorithm": "RSA_SHA256",  "idpEntityId": "https://posteid.poste.it",  "useJwksUrl": "true",  "loginHint": "false",  "allowCreate": "true",  "syncMode": "FORCE",  "authnContextComparisonType": "minimum",  "postBindingAuthnRequest": "true",  "singleSignOnServiceUrl": "https://posteid.poste.it/jod-fs/ssoservicepost",  "wantAuthnRequestsSigned": "true",  "addExtensionsElementWithKeyInfo": "false",  "principalType": "ATTRIBUTE" } }
spid-aruba;{"alias":"spid-aruba","displayName":"Aruba","providerId":"spid","enabled":true,"updateProfileFirstLoginMode":"on","trustEmail":false,"storeToken":false,"addReadTokenRoleOnCreate":false,"authenticateByDefault":false,"linkOnly":false,"firstBrokerLoginFlowAlias": "SPID first broker login","config":{"validateSignature":"true","signingCertificate":"MIIExTCCA62gAwIBAgIQH32A70kY92tuXB8AGi2DdDANBgkqhkiG9w0BAQsFADBsMQswCQYDVQQG\nEwJJVDEYMBYGA1UECgwPQXJ1YmFQRUMgUy5wLkEuMSEwHwYDVQQLDBhDZXJ0aWZpY2F0aW9uIEF1\ndGhvcml0eUIxIDAeBgNVBAMMF0FydWJhUEVDIFMucC5BLiBORyBDQSAyMB4XDTIwMDEyMjAwMDAw\nMFoXDTI1MDEyMTIzNTk1OVowgaAxCzAJBgNVBAYTAklUMRYwFAYDVQQKDA1BcnViYSBQRUMgc3Bh\nMREwDwYDVQQLDAhQcm9kb3R0bzEWMBQGA1UEAwwNcGVjLml0IHBlYy5pdDEZMBcGA1UEBRMQWFhY\nWFhYMDBYMDBYMDAwWDEPMA0GA1UEKgwGcGVjLml0MQ8wDQYDVQQEDAZwZWMuaXQxETAPBgNVBC4T\nCDIwODc2Mzc5MIIBIjANBgkqhkiG9w0BAQEFAAOCAQ8AMIIBCgKCAQEAqt2oHJhcp03l73p+QYpE\nJ+f3jYYj0W0gos0RItZx\/w4vpsiKBygaqDNVWSwfo1aPdVDIX13f62O+lBki29KTt+QWv5K6SGHD\nUXYPntRdEQlicIBh2Z0HfrM7fDl+xeJrMp1s4dsSQAuB5TJOlFZq7xCQuukytGWBTvjfcN\/os5aE\nsEg+RbtZHJR26SbbUcIqWb27Swgj\/9jwK+tvzLnP4w8FNvEOrNfR0XwTMNDFrwbOCuWgthv5jNBs\nVZaoqNwiA\/MxYt+gTOMj\/o5PWKk8Wpm6o\/7\/+lWAoxh0v8x9OkbIi+YaFpIxuCcUqsrJJk63x2gH\nCc2nr+yclYUhsKD\/AwIDAQABo4IBLDCCASgwDgYDVR0PAQH\/BAQDAgeAMB0GA1UdDgQWBBTKQ3+N\nPGcXFk8nX994vMTVpba1EzBHBgNVHSAEQDA+MDwGCysGAQQBgegtAQEBMC0wKwYIKwYBBQUHAgEW\nH2h0dHBzOi8vY2EuYXJ1YmFwZWMuaXQvY3BzLmh0bWwwWAYDVR0fBFEwTzBNoEugSYZHaHR0cDov\nL2NybC5hcnViYXBlYy5pdC9BcnViYVBFQ1NwQUNlcnRpZmljYXRpb25BdXRob3JpdHlCL0xhdGVz\ndENSTC5jcmwwHwYDVR0jBBgwFoAU8v9jQBwRQv3M3\/FZ9m7omYcxR3kwMwYIKwYBBQUHAQEEJzAl\nMCMGCCsGAQUFBzABhhdodHRwOi8vb2NzcC5hcnViYXBlYy5pdDANBgkqhkiG9w0BAQsFAAOCAQEA\nZKpor1MrrYwPw+IuPZElQAuNzXsaSWSnn\/QQwJtW49c4rFM4mEud9c61p9XxIIbgQKmDmNbzC+Dm\nwJSZ8ILdCAyBHmY3BehVRAy3KRA2KQhS9kd4vywf5KVYd1L5hQa9DBrusxF7i1X\/SEeLQgoKkov0\nR8v43UncqXS\/ql50ovJFxi938Rv4rVwa8o0hqqc6WUcjkidB6M9aNJLIbOZN3xNUgC28qIr8y7N8\nlbxWbwVrGxqKDtpaA9J0hOOXxwuTfSd1zOtT0KSSSUQ53QGOPnxyjxYDQbJu60\/lBPuUV5wb\/Z2r\ngpeUH1\/n7limHV5sVmOZgSnf18T+0STANCfkXg==,MIIExTCCA62gAwIBAgIQIHtEvEhGM77HwqsuvSbi9zANBgkqhkiG9w0BAQsFADBsMQswCQYDVQQG\nEwJJVDEYMBYGA1UECgwPQXJ1YmFQRUMgUy5wLkEuMSEwHwYDVQQLDBhDZXJ0aWZpY2F0aW9uIEF1\ndGhvcml0eUIxIDAeBgNVBAMMF0FydWJhUEVDIFMucC5BLiBORyBDQSAyMB4XDTE3MDEyMzAwMDAw\nMFoXDTIwMDEyMzIzNTk1OVowgaAxCzAJBgNVBAYTAklUMRYwFAYDVQQKDA1BcnViYSBQRUMgc3Bh\nMREwDwYDVQQLDAhQcm9kb3R0bzEWMBQGA1UEAwwNcGVjLml0IHBlYy5pdDEZMBcGA1UEBRMQWFhY\nWFhYMDBYMDBYMDAwWDEPMA0GA1UEKgwGcGVjLml0MQ8wDQYDVQQEDAZwZWMuaXQxETAPBgNVBC4T\nCDE2MzQ1MzgzMIIBIjANBgkqhkiG9w0BAQEFAAOCAQ8AMIIBCgKCAQEAqt2oHJhcp03l73p+QYpE\nJ+f3jYYj0W0gos0RItZx\/w4vpsiKBygaqDNVWSwfo1aPdVDIX13f62O+lBki29KTt+QWv5K6SGHD\nUXYPntRdEQlicIBh2Z0HfrM7fDl+xeJrMp1s4dsSQAuB5TJOlFZq7xCQuukytGWBTvjfcN\/os5aE\nsEg+RbtZHJR26SbbUcIqWb27Swgj\/9jwK+tvzLnP4w8FNvEOrNfR0XwTMNDFrwbOCuWgthv5jNBs\nVZaoqNwiA\/MxYt+gTOMj\/o5PWKk8Wpm6o\/7\/+lWAoxh0v8x9OkbIi+YaFpIxuCcUqsrJJk63x2gH\nCc2nr+yclYUhsKD\/AwIDAQABo4IBLDCCASgwDgYDVR0PAQH\/BAQDAgeAMB0GA1UdDgQWBBTKQ3+N\nPGcXFk8nX994vMTVpba1EzBHBgNVHSAEQDA+MDwGCysGAQQBgegtAQEBMC0wKwYIKwYBBQUHAgEW\nH2h0dHBzOi8vY2EuYXJ1YmFwZWMuaXQvY3BzLmh0bWwwWAYDVR0fBFEwTzBNoEugSYZHaHR0cDov\nL2NybC5hcnViYXBlYy5pdC9BcnViYVBFQ1NwQUNlcnRpZmljYXRpb25BdXRob3JpdHlCL0xhdGVz\ndENSTC5jcmwwHwYDVR0jBBgwFoAU8v9jQBwRQv3M3\/FZ9m7omYcxR3kwMwYIKwYBBQUHAQEEJzAl\nMCMGCCsGAQUFBzABhhdodHRwOi8vb2NzcC5hcnViYXBlYy5pdDANBgkqhkiG9w0BAQsFAAOCAQEA\nnEw0NuaspbpDjA5wggwFtfQydU6b3Bw2\/KXPRKS2JoqGmx0SYKj+L17A2KUBa2c7gDtKXYz0FLT6\n0Bv0pmBN\/oYCgVMEBJKqwRwdki9YjEBwyCZwNEx1kDAyyqFEVU9vw\/OQfrAdp7MTbuZGFKknVt7b\n9wOYy\/Op9FiUaTg6SuOy0ep+rqhihltYNAAl4L6fY45mHvqa5vvVG30OvLW\/S4uvRYUXYwY6KhWv\nNdDf5CnFugnuEZtHJrVe4wx9aO5GvFLFZ\/mQ35C5mXPQ7nIb0CDdLBJdz82nUoLSA5BUbeXAUkfa\nhW\/hLxLdhks68\/TK694xVIuiB40pvMmJwxIyDA==","postBindingLogout":"true","postBindingResponse":"true","singleLogoutServiceUrl":"https:\/\/loginspid.aruba.it\/ServiceLogoutRequest","nameIDPolicyFormat":"urn:oasis:names:tc:SAML:2.0:nameid-format:transient","principalAttribute":"fiscalNumber","entityId":"https:\/\/forumpa.apps.psdemo.eng-entando.com\/auth\/realms\/entando","xmlSigKeyInfoKeyNameTransformer":"KEY_ID","signatureAlgorithm":"RSA_SHA256","idpEntityId":"https:\/\/loginspid.aruba.it","useJwksUrl":"true","loginHint":"false","allowCreate":"true","syncMode":"IMPORT","authnContextComparisonType":"exact","postBindingAuthnRequest":"true","wantAuthnRequestsSigned":"true","singleSignOnServiceUrl":"https:\/\/loginspid.aruba.it\/ServiceLoginWelcome","addExtensionsElementWithKeyInfo":"false","principalType":"ATTRIBUTE"}}
spid-infocert;{ "alias": "spid-infocert", "displayName": "Infocert", "providerId": "spid", "enabled": true, "updateProfileFirstLoginMode": "on", "trustEmail": true, "storeToken": false, "addReadTokenRoleOnCreate": false, "authenticateByDefault": false, "linkOnly": false, "firstBrokerLoginFlowAlias": "SPID first broker login", "config": {  "validateSignature": "true",  "signingCertificate": "MIIHEjCCBPqgAwIBAgIDAjcDMA0GCSqGSIb3DQEBCwUAMIGTMQswCQYDVQQGEwJJVDEYMBYGA1UECgwPSW5mb0NlcnQgUy5wLkEuMR8wHQYDVQQLDBZUcnVzdCBTZXJ2aWNlIFByb3ZpZGVyMRowGAYDVQRhDBFWQVRJVC0wNzk0NTIxMTAwNjEtMCsGA1UEAwwkSW5mb0NlcnQgQ2VydGlmaWNhdGlvbiBTZXJ2aWNlcyBDQSAzMB4XDTIyMDEwNTA4MjIxNFoXDTI1MDEwNTAwMDAwMFowgZkxGTAXBgNVBC4TEDIwMjI5OTk4NTBBNDk1NjAxFDASBgNVBAUTCzA3OTQ1MjExMDA2MR0wGwYDVQQDDBRpZGVudGl0eS5pbmZvY2VydC5pdDEUMBIGA1UECwwLSW5mb0NlcnQgSUQxFTATBgNVBAoMDEluZm9DZXJ0IFNwYTENMAsGA1UEBwwEUm9tYTELMAkGA1UEBhMCSVQwggEiMA0GCSqGSIb3DQEBAQUAA4IBDwAwggEKAoIBAQC6s3Tl4j+1kVqyUh5evwd7+rLq7j3BcIfBV+xLKn1wPyJgHjy7UJ1khy4oF+1D38qLrz4WngJ68Rf6kSdo07bLHnS8N1iIpTm05yq600yHFaeW4qZWTgeklE+Ui7WVBxs31G7i9RZVEVHFrBPctzERgiHJ2MW0mvy2dlGszGlept4nVtQMc/CKvM1zs9W/te1opTWueZdHN5jFvW0GxEib5HufH6BMugwtX0nySBOvlE6bQSid7tkEiedDlBHUZ7Sb+f+S4D+ZZEEg3F6ikSgFxHwns2tB3YL9Xd09LfyNQF6K1PSGx2Gjq2+PsY1glmk6pt6AU2axOpfpkoe4mZbzAgMBAAGjggJlMIICYTATBgNVHSUEDDAKBggrBgEFBQcDAjCBoQYDVR0gBIGZMIGWMIGTBgYrTCQBAQgwgYgwQQYIKwYBBQUHAgIwNQwzU1NMLCBTTUlNRSBhbmQgRGlnaXRhbCBTaWduYXR1cmUgQ2xpZW50IENlcnRpZmljYXRlMEMGCCsGAQUFBwIBFjdodHRwOi8vd3d3LmZpcm1hLmluZm9jZXJ0Lml0L2RvY3VtZW50YXppb25lL21hbnVhbGkucGhwMG4GCCsGAQUFBwEBBGIwYDArBggrBgEFBQcwAYYfaHR0cDovL29jc3AuY3MuY2EzLmluZm9jZXJ0Lml0LzAxBggrBgEFBQcwAoYlaHR0cDovL2NlcnQuaW5mb2NlcnQuaXQvY2EzL2NzL0NBLmNydDCB5QYDVR0fBIHdMIHaMIHXoIHUoIHRhidodHRwOi8vY3JsLmluZm9jZXJ0Lml0L2NhMy9jcy9DUkwwMS5jcmyGgaVsZGFwOi8vbGRhcC5pbmZvY2VydC5pdC9jbiUzREluZm9DZXJ0JTIwQ2VydGlmaWNhdGlvbiUyMFNlcnZpY2VzJTIwQ0ElMjAzJTIwQ1JMMDEsb3UlM0RUcnVzdCUyMFNlcnZpY2UlMjBQcm92aWRlcixvJTNESU5GT0NFUlQlMjBTUEEsYyUzRElUP2NlcnRpZmljYXRlUmV2b2NhdGlvbkxpc3QwDgYDVR0PAQH/BAQDAgSwMB8GA1UdIwQYMBaAFHcRTQLy09eh1UxlX7hGRm7AIyq7MB0GA1UdDgQWBBSFWpMUOIyG+PVmscoEkrsnPp7JpTANBgkqhkiG9w0BAQsFAAOCAgEAB2AEW83IZGcHFrxtMkCdYaOvwFDO9AsN2uRwhK1a76GzA0LHetocUcUHOmamhnhha/Is3GRPsnmwzs63AAYEaFcS22Q9mE9e8HacxjPKCguy/6zkOg204+5jGtJAqmVI98o7gKY8utaosxRbz0CkugCO5YNRjLruj4sIbMp5BJoaA0TDTM91ilpLaGFDJeFSJQcUlJZI5OM2MrDn6/eRZxDechR+vV6rc0TwGFhTQnnYgoWg2U/CC3l46D77+R/RVPb/WW79hXTFLEnxHI5pCEZlmrWalPIBA129mIOsjXcVzjkBXfoDy1sXlziI/SMs0n3NJ/YqzUCu6bGOE5Hf++T67ynuSaQmPSYb7hbtyLm5qebg4yvowzMnfOZ/GVmoa+pKFnsMenDts7l0KgovvSspsLmMio9cYhMmaZ/uf0ckLnoeAkfjGkHufr3IbbW8Bk7s7BVN9HChw1q20WHcf95BJ4C9Yu/MVrTkJD1d3gWlfw0l9gm+gyhzCZAxT5DE2gspORygdNzzG0sLC/07Msx3+M1dPk5K5NOKaaqQBssaAPCCGnHIitCpvLlw2PoWQat88Twq4CrIscpnJ40Fa677BXDOrjHkriE7xccWhjV7dKSzEYv96ozFBPwc2Nb/1bMdCPXBfJ8dUsnAhSv15uJ6cb5UcpCpVoQ1QEW0KYU=",  "postBindingLogout": "true",  "singleLogoutServiceUrl": "https://identity.infocert.it/spid/samlslo",  "postBindingResponse": "true",  "nameIDPolicyFormat": "urn:oasis:names:tc:SAML:2.0:nameid-format:transient",  "principalAttribute": "fiscalNumber",  "entityId": "https://forumpa.apps.psdemo.eng-entando.com/auth/realms/entando",  "xmlSigKeyInfoKeyNameTransformer": "NONE",  "signatureAlgorithm": "RSA_SHA256",  "idpEntityId": "https://identity.infocert.it",  "useJwksUrl": "true",  "loginHint": "false",  "allowCreate": "true",  "syncMode": "FORCE",  "authnContextComparisonType": "minimum",  "postBindingAuthnRequest": "true",  "singleSignOnServiceUrl": "https://identity.infocert.it/spid/samlsso",  "wantAuthnRequestsSigned": "true",  "addExtensionsElementWithKeyInfo": "false",  "principalType": "ATTRIBUTE" } }
spid-intesa;{ "alias": "spid-intesa", "displayName": "Intesa", "providerId": "spid", "enabled": true, "updateProfileFirstLoginMode": "on", "trustEmail": false, "storeToken": false, "addReadTokenRoleOnCreate": false, "authenticateByDefault": false, "linkOnly": false, "firstBrokerLoginFlowAlias": "SPID first broker login", "config": {  "validateSignature": "true",  "signingCertificate": "MIIEDjCCAvagAwIBAgIIIT1A+ywbIQAwDQYJKoZIhvcNAQELBQAwXjEzMDEGA1UE\n  AwwqSU4uVEUuUy5BLiBTLnAuQSAtIENlcnRpZmljYXRpb24gQXV0aG9yaXR5MRow\n  GAYDVQQKDBFJTi5URS5TLkEuIFMucC5BLjELMAkGA1UEBhMCSVQwHhcNMTcwOTE1\n  MTMyMzQ1WhcNMzYwNzAxMTk1OTAwWjBQMSUwDwYDVQQuEwgyMDA3OTc5NzASBgNV\n  BAMMC1NBTUwgU2lnbmVyMRowGAYDVQQKDBFJTi5URS5TLkEuIFMucC5BLjELMAkG\n  A1UEBhMCSVQwggEiMA0GCSqGSIb3DQEBAQUAA4IBDwAwggEKAoIBAQDhYXkP+eQB\n  URgmslDXBjG0ad+DkSAkWt7hUoaTyiK0e34QiyArq043plqTrt+6FzTGeX7960Qr\n  3tCLGCiVOi47QuE09IKfJmKGEaUQnJQehHYZs/XV0OYQl18WrCxUX6ALOcqPs+4y\n  pCbJV1WzSosfBcPBzivJER8kvrynMXI3or18e9XPTGBn8qNFyNF1E3BJ5UhrDvk5\n  W2gKyYKz0M/CIu9PiHuO/ne6HbeNrCS/xzXtjsTusk41AOxIQoFbEzS08xcRY+QD\n  E8oLcAmecSjT3xv3r9dWke6KTTAahS3K+5mOYRcBXj2FFegiUp+xh4OAWdH1+gGD\n  Ym+3aAmMpaLtAgMBAAGjgd0wgdowHQYDVR0OBBYEFEw9xWg4qvQGdlGMCqmJcVDg\n  dE8aMAwGA1UdEwEB/wQCMAAwHwYDVR0jBBgwFoAUySnWJ2sw0ljDpJVrtrxCCP0b\n  1CYwGgYDVR0QBBMwEYAPMjAxNzA5MTUxMzIzNDVaMD8GA1UdHwQ4MDYwNKAyoDCG\n  Lmh0dHA6Ly9lLXRydXN0Y29tLmludGVzYS5pdC9DUkwvSU5URVNBX25DQS5jcmww\n  DgYDVR0PAQH/BAQDAgSwMB0GA1UdJQQWMBQGCCsGAQUFBwMCBggrBgEFBQcDBDAN\n  BgkqhkiG9w0BAQsFAAOCAQEAVRHyFRZZFpW/qjJpKftd86h3wOdUqOhc2W8ZHv0s\n  t8ptG+mZk3l1iWAsEPqKMIBhksgTvalnHC1lHUt11xsZ2mzUjVpiG8XiWXYXQnY2\n  D+q7Dc4n20kJ717qf4SDN8wX1A6XvT3Wrsfh87vg3ZFD56/eyur2snWu4OilsFqA\n  yLhnExG4puJ4JKBWnlwAGXD9SFgkSZ8FC66KQs6CAwVkvCIom3IwJeU/VrYQF6XH\n  kVCQgr5mojXgCkrlRNl53WAKfQHCT4QH+oQVP97PCEL/wQ1zi0UzWauKT6u2wDym\n  9rcpch+WLa0GUtYNhuoLU2SregPKwTWg2DfINJObyWRpww==",  "postBindingLogout": "true",  "singleLogoutServiceUrl": "https://spid.intesa.it/Time4UserServices/services/idp/SingleLogout/",  "postBindingResponse": "true",  "nameIDPolicyFormat": "urn:oasis:names:tc:SAML:2.0:nameid-format:transient",  "principalAttribute": "fiscalNumber",  "entityId": "https://forumpa.apps.psdemo.eng-entando.com/auth/realms/entando",  "xmlSigKeyInfoKeyNameTransformer": "NONE",  "signatureAlgorithm": "RSA_SHA256",  "idpEntityId": "https://spid.intesa.it",  "useJwksUrl": "true",  "loginHint": "false",  "allowCreate": "true",  "syncMode": "FORCE",  "authnContextComparisonType": "minimum",  "postBindingAuthnRequest": "true",  "singleSignOnServiceUrl": "https://spid.intesa.it/Time4UserServices/services/idp/AuthnRequest/",  "wantAuthnRequestsSigned": "true",  "addExtensionsElementWithKeyInfo": "false",  "principalType": "ATTRIBUTE" } }
spid-lepida;{ "alias": "spid-lepida", "displayName": "Lepida", "providerId": "spid", "enabled": true, "updateProfileFirstLoginMode": "on", "trustEmail": false, "storeToken": false, "addReadTokenRoleOnCreate": false, "authenticateByDefault": false, "linkOnly": false, "firstBrokerLoginFlowAlias": "SPID first broker login", "config": {  "validateSignature": "true",  "signingCertificate": "MIIDHDCCAgSgAwIBAgIVALisbudTRxLy3vlMcEDfaqr3iW89MA0GCSqGSIb3DQEB CwUAMBcxFTATBgNVBAMMDGlkLmxlcGlkYS5pdDAeFw0xODA4MDgxMDIzMTJaFw0z ODA4MDgxMDIzMTJaMBcxFTATBgNVBAMMDGlkLmxlcGlkYS5pdDCCASIwDQYJKoZI hvcNAQEBBQADggEPADCCAQoCggEBAMOFERgxPEYPqAjN7oW6y8oSSY6tGm2OCIU+ VyKhb2OqfNLpF8tPrytX17pgwVYHzjxRCNMTC83frbmtBapABtm9KuX7qaSPvaJx 0+UqYk9FdKCKQOEkmWcNOJfwzNMP65B+cDxP3sa1JoAMeAO0x95bnYoX0ZHcssKk wpgMb8/JHZHzqu3odxADtO5PaT3xaCyMIcqIp1O2nVn7SizUE1gNucLAdaP4kh0o 7nU61pz4pG3gQXK+uROteDD8cTU2Nxi7W1T73tQSuwst54BS2p9IBXzWrA9V0Ck1 0oiQTcIC8X9McepCrNzgCOBdap00Tifusb30t74BREARgwjp1N8CAwEAAaNfMF0w HQYDVR0OBBYEFL32/n7uf1Re14pW+gwGxZQHUZBCMDwGA1UdEQQ1MDOCDGlkLmxl cGlkYS5pdIYjaHR0cHM6Ly9pZC5sZXBpZGEuaXQvaWRwL3NoaWJib2xldGgwDQYJ KoZIhvcNAQELBQADggEBAK80B1mEWKOTJkVJOJot2xU79Lhs1+domUSYQiA+tlS4 6IAfWwDZqI1llIjgL85n7qMsKFvYTIskInoG51Iezv2dTxlB6IMI8NPRfiFXo2s8 NYjbzWyETbdXzCbDR0tKNke0TFE0oxunNfE5YRsmH4bPnjhPUjCSHX7wIhlNrLae 3FjMQp1OLDs7HmJo3AhuAVmHCoG7QV/ly4ZHcVYx4F7HUsFg5uxNYjZbo+XMutJz 4nZFOFE+uRzTwwfdR2sxny+ppkruTwIhEXyzknoiw1mGIEWZc6scnOAiwZeqTccU YVNHp+PSFs9SD8l+2PO4Oh8Y3dYT+5ojv+S6T7vy5xE=",  "postBindingLogout": "true",  "postBindingResponse": "true",  "singleLogoutServiceUrl": "https://id.lepida.it/idp/profile/SAML2/POST/SLO",  "nameIDPolicyFormat": "urn:oasis:names:tc:SAML:2.0:nameid-format:transient",  "principalAttribute": "fiscalNumber",  "entityId": "https://forumpa.apps.psdemo.eng-entando.com/auth/realms/entando",  "xmlSigKeyInfoKeyNameTransformer": "NONE",  "signatureAlgorithm": "RSA_SHA256",  "idpEntityId": "https://id.lepida.it/idp/shibboleth",  "useJwksUrl": "true",  "loginHint": "false",  "allowCreate": "true",  "syncMode": "FORCE",  "authnContextComparisonType": "minimum",  "postBindingAuthnRequest": "true",  "wantAuthnRequestsSigned": "true",  "singleSignOnServiceUrl": "https://id.lepida.it/idp/profile/SAML2/POST/SSO",  "addExtensionsElementWithKeyInfo": "false",  "principalType": "ATTRIBUTE" } }
spid-namirial;{ "alias": "spid-namirial", "displayName": "Namirial", "providerId": "spid", "enabled": true, "updateProfileFirstLoginMode": "on", "trustEmail": false, "storeToken": false, "addReadTokenRoleOnCreate": false, "authenticateByDefault": false, "linkOnly": false, "firstBrokerLoginFlowAlias": "SPID first broker login", "config": {  "validateSignature": "true",  "signingCertificate": "MIIDNzCCAh+gAwIBAgIUNGvDUjTpLSPlP4sEfO0+JARITnEwDQYJKoZIhvcNAQEL\nBQAwHjEcMBoGA1UEAwwTaWRwLm5hbWlyaWFsdHNwLmNvbTAeFw0xNzAzMDgwOTE3\nNTZaFw0zNzAzMDgwOTE3NTZaMB4xHDAaBgNVBAMME2lkcC5uYW1pcmlhbHRzcC5j\nb20wggEiMA0GCSqGSIb3DQEBAQUAA4IBDwAwggEKAoIBAQDrcJvYRh49nNijgzwL\n1OOwgzeMDUWcMSwoWdtMpx3kDhZwMFQ3ITDmNvlz21I0QKaP0BDg/UAjfCbDtLqU\ny6wHtI6NWVJoqIziw+dLfg7S5Sr2nOzJ/sKhzadWH1kDsetIenOLU2ex+7Vf/+4P\n7nIrS0c+xghi9/zN8dH6+09wWYnloGmcW3qWRFMKJjR3ctBmsmqCKWNIIq2QfeFs\nzSSeG0xaNlLKBrj6TyPDxDqPAskq038W1fCuh7aejCk7XTTOxuuIwDGJiYsc8rfX\nSG9/auskAfCziGEm304/ojy5MRcNjekz4KgWxT9anMCipv0I2T7tCAivc1z9QCsE\nPk5pAgMBAAGjbTBrMB0GA1UdDgQWBBQi8+cnv0Nw0lbuICzxlSHsvBw5SzBKBgNV\nHREEQzBBghNpZHAubmFtaXJpYWx0c3AuY29thipodHRwczovL2lkcC5uYW1pcmlh\nbHRzcC5jb20vaWRwL3NoaWJib2xldGgwDQYJKoZIhvcNAQELBQADggEBAEp953KM\nWY7wJbJqnPTmDkXaZJVoubcjW86IY494RgVBeZ4XzAGOifa3ScDK6a0OWfIlRTba\nKKu9lEVw9zs54vLp9oQI4JulomSaL805Glml4bYqtcLoh5qTnKaWp5qvzBgcQ7i2\nGcDC9F+qrsJYreCA7rbHXzF0hu5yIfz0BrrCRWvuWiop92WeKvtucI4oBGfoHhYO\nZsLuoTT3hZiEFJT60xS5Y2SNdz+Eia9Dgt0cvAzoOVk93Cxg+XBdyyEEiZn/zvhj\nus29KyFrzh3XYznh+4jq3ymt7Os4JKmY0aJm7yNxw+LyPjkdaB0icfo3+hD7PiuU\njC3Y67LUWQ8YgOc=",  "postBindingLogout": "true",  "nameIDPolicyFormat": "urn:oasis:names:tc:SAML:2.0:nameid-format:transient",  "principalAttribute": "fiscalNumber",  "postBindingResponse": "true",  "singleLogoutServiceUrl": "https://idp.namirialtsp.com/idp/profile/SAML2/POST/SLO",  "entityId": "https://forumpa.apps.psdemo.eng-entando.com/auth/realms/entando",  "xmlSigKeyInfoKeyNameTransformer": "NONE",  "signatureAlgorithm": "RSA_SHA256",  "idpEntityId": "https://idp.namirialtsp.com/idp",  "useJwksUrl": "true",  "loginHint": "false",  "allowCreate": "true",  "syncMode": "FORCE",  "authnContextComparisonType": "minimum",  "postBindingAuthnRequest": "true",  "wantAuthnRequestsSigned": "true",  "singleSignOnServiceUrl": "https://idp.namirialtsp.com/idp/profile/SAML2/POST/SSO",  "addExtensionsElementWithKeyInfo": "false",  "principalType": "ATTRIBUTE" } }
spid-register;{ "alias": "spid-register", "displayName": "Register", "providerId": "spid", "enabled": true, "updateProfileFirstLoginMode": "on", "trustEmail": false, "storeToken": false, "addReadTokenRoleOnCreate": false, "authenticateByDefault": false, "linkOnly": false, "firstBrokerLoginFlowAlias": "SPID first broker login", "config": {  "validateSignature": "true",  "signingCertificate": "MIIDazCCAlOgAwIBAgIED8R+MDANBgkqhkiG9w0BAQsFADBmMQswCQYDVQQGEwJJVDELMAkGA1UECBMCRkkxETAPBgNVBAcTCGZsb3JlbmNlMREwDwYDVQQKEwhyZWdpc3RlcjERMA8GA1UECxMIcmVnaXN0ZXIxETAPBgNVBAMTCHJlZ2lzdGVyMB4XDTE3MDcxMDEwMzM0OVoXDTI3MDcwODEwMzM0OVowZjELMAkGA1UEBhMCSVQxCzAJBgNVBAgTAkZJMREwDwYDVQQHEwhmbG9yZW5jZTERMA8GA1UEChMIcmVnaXN0ZXIxETAPBgNVBAsTCHJlZ2lzdGVyMREwDwYDVQQDEwhyZWdpc3RlcjCCASIwDQYJKoZIhvcNAQEBBQADggEPADCCAQoCggEBANkYXHbm3q6xt3wrLAXnytswtj2JE1MM8aYmNXkTgDMCwO/+ahQOoQru6IBTbjfWH9jr+Woy54FDdX6bHl+5/mO6l/yAB/bKgwe5HmUjZJ5oakJjWucsSm+VkEwN2HquBZoN+mktju00xvLX5VAjmDHvZc/b8NhNr/FRKlYITboygkhGiUwGI3wLf3IaB76J0o7ugpW2WNLcywpX+p1VWZAMCdHBveBe/e42hh6WnWPqdwYUWHOgJ8HX4IzCHifiS1n6eUMgtoTQOmSvTQDwSjD0WWJE8tWSYt+txXg1t+3A3tbZOFu7T442wE7DtMdUL4+8gimQS+e8PxDK1uTqIPUCAwEAAaMhMB8wHQYDVR0OBBYEFMCgo1gzCIcUThQIs5g5ikfv1D7eMA0GCSqGSIb3DQEBCwUAA4IBAQBnGw3i3hQ37L8vyelkyZMeO3tLK65Cqti4oVrQZxClGV5zNA6fIMDY8Mci1UhLwjzp29POd/sez0vuHZ/Vmmygzoye4jTKr6c3jAh0u81FTzefBU+vIietm9RuV3sd7D9xq6EqOY1NDL+rkvBcTFtiwLEUm2kHYu/U67jk73pxOtmqxQvQeMU8oi42tehMZGLIGp3U5lGS8YGGl+GtkkQ2Z5/PSm67HGP81kTArG/QX+bX+ykypTJVg9hfb9zOFQidp1HkCRIez6YhDiP/ZLurd6Grt/wVfZPNBO8EOgy25AkRZlp+UD686BFg7qq5KKEbz3qmPrj8deHL3duacZcp",  "postBindingLogout": "true",  "postBindingResponse": "true",  "singleLogoutServiceUrl": "https://spid.register.it/login/singleLogout",  "nameIDPolicyFormat": "urn:oasis:names:tc:SAML:2.0:nameid-format:transient",  "principalAttribute": "fiscalNumber",  "entityId": "https://forumpa.apps.psdemo.eng-entando.com/auth/realms/entando",  "xmlSigKeyInfoKeyNameTransformer": "NONE",  "signatureAlgorithm": "RSA_SHA256",  "idpEntityId": "https://spid.register.it",  "useJwksUrl": "true",  "loginHint": "false",  "allowCreate": "true",  "syncMode": "FORCE",  "authnContextComparisonType": "minimum",  "postBindingAuthnRequest": "true",  "wantAuthnRequestsSigned": "true",  "singleSignOnServiceUrl": "https://spid.register.it/login/sso",  "addExtensionsElementWithKeyInfo": "false",  "principalType": "ATTRIBUTE" } }
spid-sielte;{ "alias": "spid-sielte", "displayName": "Sielte", "providerId": "spid", "enabled": true, "updateProfileFirstLoginMode": "on", "trustEmail": false, "storeToken": false, "addReadTokenRoleOnCreate": false, "authenticateByDefault": false, "linkOnly": false, "firstBrokerLoginFlowAlias": "SPID first broker login", "config": {  "validateSignature": "true",  "signingCertificate": "MIIDczCCAlugAwIBAgIJAMsX0iEKQM6xMA0GCSqGSIb3DQEBCwUAMFAxCzAJBgNVBAYTAklUMQ4wDAYDVQQIDAVJdGFseTEgMB4GA1UEBwwXU2FuIEdyZWdvcmlvIGRpIENhdGFuaWExDzANBgNVBAoMBlNpZWx0ZTAeFw0xNTEyMTQwODE0MTVaFw0yNTEyMTMwODE0MTVaMFAxCzAJBgNVBAYTAklUMQ4wDAYDVQQIDAVJdGFseTEgMB4GA1UEBwwXU2FuIEdyZWdvcmlvIGRpIENhdGFuaWExDzANBgNVBAoMBlNpZWx0ZTCCASIwDQYJKoZIhvcNAQEBBQADggEPADCCAQoCggEBANIRlOjM/tS9V9jYjJreqZSctuYriLfPTDgX2XdhWEbMpMpwA9p0bsbLQoC1gP0piLO+qbCsIh9+boPfb4/dLIA7E+Vmm5/+evOtzvjfHG4oXjZK6jo08QwkVV8Bm1jkakJPVZ57QFbyDSr+uBbIMY7CjA2LdgnIIwKN/kSfFhrZUMJ6ZxwegM100X5psfNPSV9WUtgHsvqlIlvydPo2rMm21sg+2d3Vtg8DthNSYRLqgazCc0NTsigrH7niSbJCO0nq/svMX2rSFdh5GFK7/pxT+c3OFWqIR8r+RX4qW+auJqkbTuNRwxV22Sm6r69ZJwV0WspvsVJi+FYqiyoWhgUCAwEAAaNQME4wHQYDVR0OBBYEFCUx063GwUhEFDllwCBe/+jdeW+XMB8GA1UdIwQYMBaAFCUx063GwUhEFDllwCBe/+jdeW+XMAwGA1UdEwQFMAMBAf8wDQYJKoZIhvcNAQELBQADggEBADF94c3JwyBM86QBLeoUZxRYKPniba8B39FfJk0pb+LejKfZMvspOrOFgYQQ9UrS8IFkBX9Xr7/tjRbr2cPwZNjrEZhoq+NfcE09bnaWTyEl1IEKK8TWOupJj9UNVpYXX0LfIRrMwNEzAPQykOaqPOnyHxOCPTY957xXSo3jXOyvugtvPHbd+iliAzUoPm1tgiTKWS+EkQ/e22eFv5NEyT+oHiKovrQ+voPWOIvJVMjiTyxRic8fEnI9zzV0SxWvFvty77wgcYbeEuFZa3iidhojUge8o1uY/JUyQjFxcvvfAgWSIZwdHiNyWaAgwzLPmPCPsvBdR3xrlcDg/9Bd3D0=",  "postBindingLogout": "true",  "postBindingResponse": "true",  "singleLogoutServiceUrl": "https://identity.sieltecloud.it/simplesaml/saml2/idp/SLS.php",  "nameIDPolicyFormat": "urn:oasis:names:tc:SAML:2.0:nameid-format:transient",  "principalAttribute": "fiscalNumber",  "entityId": "https://forumpa.apps.psdemo.eng-entando.com/auth/realms/entando",  "xmlSigKeyInfoKeyNameTransformer": "NONE",  "signatureAlgorithm": "RSA_SHA256",  "idpEntityId": "https://identity.sieltecloud.it",  "useJwksUrl": "true",  "loginHint": "false",  "allowCreate": "true",  "syncMode": "FORCE",  "authnContextComparisonType": "minimum",  "postBindingAuthnRequest": "true",  "wantAuthnRequestsSigned": "true",  "singleSignOnServiceUrl": "https://identity.sieltecloud.it/simplesaml/saml2/idp/SSO.php",  "addExtensionsElementWithKeyInfo": "false",  "encryptionPublicKey": "MIIDczCCAlugAwIBAgIJAMsX0iEKQM6xMA0GCSqGSIb3DQEBCwUAMFAxCzAJBgNVBAYTAklUMQ4wDAYDVQQIDAVJdGFseTEgMB4GA1UEBwwXU2FuIEdyZWdvcmlvIGRpIENhdGFuaWExDzANBgNVBAoMBlNpZWx0ZTAeFw0xNTEyMTQwODE0MTVaFw0yNTEyMTMwODE0MTVaMFAxCzAJBgNVBAYTAklUMQ4wDAYDVQQIDAVJdGFseTEgMB4GA1UEBwwXU2FuIEdyZWdvcmlvIGRpIENhdGFuaWExDzANBgNVBAoMBlNpZWx0ZTCCASIwDQYJKoZIhvcNAQEBBQADggEPADCCAQoCggEBANIRlOjM/tS9V9jYjJreqZSctuYriLfPTDgX2XdhWEbMpMpwA9p0bsbLQoC1gP0piLO+qbCsIh9+boPfb4/dLIA7E+Vmm5/+evOtzvjfHG4oXjZK6jo08QwkVV8Bm1jkakJPVZ57QFbyDSr+uBbIMY7CjA2LdgnIIwKN/kSfFhrZUMJ6ZxwegM100X5psfNPSV9WUtgHsvqlIlvydPo2rMm21sg+2d3Vtg8DthNSYRLqgazCc0NTsigrH7niSbJCO0nq/svMX2rSFdh5GFK7/pxT+c3OFWqIR8r+RX4qW+auJqkbTuNRwxV22Sm6r69ZJwV0WspvsVJi+FYqiyoWhgUCAwEAAaNQME4wHQYDVR0OBBYEFCUx063GwUhEFDllwCBe/+jdeW+XMB8GA1UdIwQYMBaAFCUx063GwUhEFDllwCBe/+jdeW+XMAwGA1UdEwQFMAMBAf8wDQYJKoZIhvcNAQELBQADggEBADF94c3JwyBM86QBLeoUZxRYKPniba8B39FfJk0pb+LejKfZMvspOrOFgYQQ9UrS8IFkBX9Xr7/tjRbr2cPwZNjrEZhoq+NfcE09bnaWTyEl1IEKK8TWOupJj9UNVpYXX0LfIRrMwNEzAPQykOaqPOnyHxOCPTY957xXSo3jXOyvugtvPHbd+iliAzUoPm1tgiTKWS+EkQ/e22eFv5NEyT+oHiKovrQ+voPWOIvJVMjiTyxRic8fEnI9zzV0SxWvFvty77wgcYbeEuFZa3iidhojUge8o1uY/JUyQjFxcvvfAgWSIZwdHiNyWaAgwzLPmPCPsvBdR3xrlcDg/9Bd3D0=",  "principalType": "ATTRIBUTE" } }
spid-ti-trust-technologies;{ "alias": "spid-ti-trust-technologies", "displayName": "TI Trust Technologies", "providerId": "spid", "enabled": true, "updateProfileFirstLoginMode": "on", "trustEmail": false, "storeToken": false, "addReadTokenRoleOnCreate": false, "authenticateByDefault": false, "linkOnly": false, "firstBrokerLoginFlowAlias": "SPID first broker login", "config": {  "validateSignature": "true",  "signingCertificate": "MIID0jCCArqgAwIBAgIUXDUOKL3WuolxDw96Fk9es8rIt6kwDQYJKoZIhvcNAQELBQAwgYsxCzAJBgNVBAYTAklUMS4wLAYDVQQKDCVUZWxlY29tIEl0YWxpYSBUcnVzdCBUZWNobm9sb2dpZXMgc3JsMSgwJgYDVQQLDB9TZXJ2aXppIHBlciBsJ2lkZW50aXRhIGRpZ2l0YWxlMSIwIAYDVQQDDBlUSSBUcnVzdCBUZWNobm9sb2dpZXMgc3JsMB4XDTIxMTExMTE3MDMyMFoXDTI1MTExMDE3MDMyMFowgYsxCzAJBgNVBAYTAklUMS4wLAYDVQQKDCVUZWxlY29tIEl0YWxpYSBUcnVzdCBUZWNobm9sb2dpZXMgc3JsMSgwJgYDVQQLDB9TZXJ2aXppIHBlciBsJ2lkZW50aXRhIGRpZ2l0YWxlMSIwIAYDVQQDDBlUSSBUcnVzdCBUZWNobm9sb2dpZXMgc3JsMIIBIjANBgkqhkiG9w0BAQEFAAOCAQ8AMIIBCgKCAQEA6sIS3+3iZSaAIyVywahlbpua2uJ/XmpV68P1e1STJpHoaj32STdHhqZnnb4Y/FshP1NUolzNolPXAYDmDduW1OnGndJZ+G9Hjh1PCkdiRw+p0FjhQAsGJkn8NdgTIHLJjqN1qQwtOsVGab8ScyA3mtmj3xKYuBhUoweuATzC7f5r7FfIoc3cy6N5lgrpZpfeAChxLwoHVjoAVgIBuemi6HAzmd4/BI06KzOcR7+dBVi4+uiseldxrJ5bhnjZKIwgkX14y9UA84Y+e+rMtyT8cT3XXi9NazZl5Ej5/bQPqqVsbg6tXzQSfEJD6JEjuYeC0RUKMS/EJn3hL5VLzTJ1NwIDAQABoywwKjAdBgNVHQ4EFgQUfctFZ8bRtmEvXPRlqgVDuggY/ZwwCQYDVR0TBAIwADANBgkqhkiG9w0BAQsFAAOCAQEA0lszHadknPfE17IWGWsgvlXOdKMnWcl9H5rEYmsWwDB9FJG9XAZvPMcVv1kkWi6XZI/8N2Twhu1BdZkdvntDRscuck8wxxIpkRV7CwlcqNFZ/IwjDBxOBa8Q1J850p+qP8A9apsLLPUlu/oLygNDWIXzcOjMqnPkEP+XXUNYPto5iV+OyDzLLacCYqDDHcvDewWLmEjt35X967KcM+m7K2zGRLWfqcZPIjJJOkpNjgcs+MaisMrGDyOKiD16v0LpwVyIpTqXvDk7KHo8CUNXDxyLxZzB6WffgnOgjXTfU3vluweOx0qQy/VxIupDlNBKiZB4gnt1oAfnaMbqla9wcw==",  "postBindingLogout": "true",  "postBindingResponse": "true",  "singleLogoutServiceUrl": "https://login.id.tim.it/affwebservices/public/saml2slo",  "nameIDPolicyFormat": "urn:oasis:names:tc:SAML:2.0:nameid-format:transient",  "principalAttribute": "fiscalNumber",  "entityId": "https://forumpa.apps.psdemo.eng-entando.com/auth/realms/entando",  "xmlSigKeyInfoKeyNameTransformer": "NONE",  "signatureAlgorithm": "RSA_SHA256",  "idpEntityId": "https://login.id.tim.it/affwebservices/public/saml2sso",  "useJwksUrl": "true",  "loginHint": "false",  "allowCreate": "true",  "syncMode": "FORCE",  "authnContextComparisonType": "minimum",  "postBindingAuthnRequest": "true",  "wantAuthnRequestsSigned": "true",  "singleSignOnServiceUrl": "https://login.id.tim.it/affwebservices/public/saml2sso",  "addExtensionsElementWithKeyInfo": "false",  "principalType": "ATTRIBUTE" } }

